State,City
a & n island,port blair
andhra pradesh,addanki
andhra pradesh,adilabad
andhra pradesh,adoni
andhra pradesh,akividu
andhra pradesh,amalapuram
andhra pradesh,ambajipeta
andhra pradesh,anakapalle
andhra pradesh,anantapur
andhra pradesh,anaparthi
andhra pradesh,annavaram
andhra pradesh,atmakur
andhra pradesh,avanigadda
andhra pradesh,badvel
andhra pradesh,bapatla
andhra pradesh,bhimavaram
andhra pradesh,bobbili
andhra pradesh,chandragiri
andhra pradesh,chilakaluripeta
andhra pradesh,chirala
andhra pradesh,chittoor
andhra pradesh,chodavaram
andhra pradesh,chowtuppal
andhra pradesh,dhone
andhra pradesh,dhramavaram
andhra pradesh,dowlaiswaram
andhra pradesh,eluru
andhra pradesh,gajapathinagaram
andhra pradesh,gannavaram
andhra pradesh,garividi
andhra pradesh,giddalur
andhra pradesh,gooty
andhra pradesh,gudivada
andhra pradesh,gudur
andhra pradesh,guntakal
andhra pradesh,guntur
andhra pradesh,hanmakonda
andhra pradesh,hanuman junction
andhra pradesh,hindupur
andhra pradesh,hyderabad
andhra pradesh,ichapuram
andhra pradesh,jaggannapeta
andhra pradesh,jaggayyapet
andhra pradesh,jagitial
andhra pradesh,jammalamadugu
andhra pradesh,jangarredygudem
andhra pradesh,jogipte
andhra pradesh,kadapa
andhra pradesh,kadiri
andhra pradesh,kaikalur
andhra pradesh,kakinada
andhra pradesh,kalyanadurg
andhra pradesh,kanchikachela
andhra pradesh,kandukuru
andhra pradesh,kanigiri
andhra pradesh,kankipadu
andhra pradesh,karimnagar
andhra pradesh,kavali
andhra pradesh,khammam
andhra pradesh,kodur
andhra pradesh,koilkuntla
andhra pradesh,korukonda
andhra pradesh,kothavalasa
andhra pradesh,kovvur
andhra pradesh,kurnool
andhra pradesh,lakshmipuram
andhra pradesh,macherla
andhra pradesh,madakasira
andhra pradesh,madanapalle
andhra pradesh,mahaboobnagar
andhra pradesh,malikipuram
andhra pradesh,mandapeta
andhra pradesh,mangalagiri
andhra pradesh,mantralayam
andhra pradesh,markapur
andhra pradesh,masulipatnam
andhra pradesh,miryalaguda
andhra pradesh,mylavaram
andhra pradesh,nagari
andhra pradesh,nagarjuna nagar
andhra pradesh,naidupeta
andhra pradesh,nalgonda
andhra pradesh,nandigama
andhra pradesh,nandikotkur
andhra pradesh,nandyal
andhra pradesh,narasannapeta
andhra pradesh,narasaraopeta
andhra pradesh,naraspur
andhra pradesh,narayanapet
andhra pradesh,narsipatnam
andhra pradesh,nellore
andhra pradesh,nidadavole
andhra pradesh,nirmal
andhra pradesh,nizamabad
andhra pradesh,nuzvid
andhra pradesh,ongole
andhra pradesh,pakala
andhra pradesh,palakol
andhra pradesh,palakonda
andhra pradesh,palamaneru
andhra pradesh,palasa
andhra pradesh,parvathipuram
andhra pradesh,peddapuram
andhra pradesh,pendurthi
andhra pradesh,penukonda
andhra pradesh,piduguralla
andhra pradesh,piler
andhra pradesh,pithapuram
andhra pradesh,podili
andhra pradesh,ponnur
andhra pradesh,prasanthinilayam
andhra pradesh,proddatur
andhra pradesh,pulivendula
andhra pradesh,punganur
andhra pradesh,puttur
andhra pradesh,rajahmundry
andhra pradesh,rajam
andhra pradesh,rajampet
andhra pradesh,ramachandrapuram
andhra pradesh,ravulapalem
andhra pradesh,rayachoti
andhra pradesh,rayadurg
andhra pradesh,razole
andhra pradesh,repalle
andhra pradesh,sadasivapet
andhra pradesh,salur
andhra pradesh,samalkot
andhra pradesh,sangareddy
andhra pradesh,santhinagar
andhra pradesh,sarapaka
andhra pradesh,sattenapalli
andhra pradesh,settipalle
andhra pradesh,siddipet
andhra pradesh,sompeta
andhra pradesh,sriharikota
andhra pradesh,srikakulam
andhra pradesh,srikalahasthi
andhra pradesh,srisailam
andhra pradesh,sullurupeta
andhra pradesh,suryapet
andhra pradesh,tadepalligudem
andhra pradesh,tadipatri
andhra pradesh,tanuku
andhra pradesh,tenali
andhra pradesh,tirumala
andhra pradesh,tirupathi
andhra pradesh,tirupati
andhra pradesh,tiruvur
andhra pradesh,tuni
andhra pradesh,uravakonda
andhra pradesh,vayalpad
andhra pradesh,vedayapalem
andhra pradesh,venkatagiri
andhra pradesh,vijayawada
andhra pradesh,vinukonda
andhra pradesh,visakhapatnam
andhra pradesh,vizianagaram
andhra pradesh,vuyyuru
andhra pradesh,warangal
andhra pradesh,yanam
andhra pradesh,yemmiganur
andhra pradesh,yerraguntla
arunachal pradesh,itanagar
arunachal pradesh,papumpare
assam,barpeta
assam,bongaigaon
assam,cachar
assam,dhubri
assam,duliajan
assam,golaghat
assam,guwahati
assam,jorhat
assam,kamrup
assam,karbi anglong
assam,karimganj
assam,lakhimpur
assam,mangaldai
assam,morigaon
assam,nalbari
assam,namrup
assam,nazira
assam,sibsagar
assam,silchar
assam,sonitpur
assam,tezpur
assam,tinsukia
bihar,araria
bihar,aurangabad
bihar,begusarai
bihar,bhagalpur
bihar,bhojpur
bihar,buxar
bihar,darbhanga
bihar,e.champaran
bihar,gaya
bihar,gopalganj
bihar,jehanabad
bihar,katihar
bihar,khagaria
bihar,kishanganj
bihar,lakhisarai
bihar,madhubani
bihar,munger
bihar,muzaffarpur
bihar,nalanda
bihar,nawadah
bihar,patna
bihar,purnea
bihar,rohtas
bihar,saharsa
bihar,samastipur
bihar,saran
bihar,sitamrahi
bihar,siwan
bihar,supaul
bihar,vaishali
bihar,w.champaran
chandigarh,chandigarh
chattisgarh,akaltara
chattisgarh,ambikapur
chattisgarh,bacheli
chattisgarh,baloda bazar
chattisgarh,bankimogra
chattisgarh,bankunthpur
chattisgarh,bhilai
chattisgarh,bilaspur
chattisgarh,bishrampur
chattisgarh,champa
chattisgarh,chirimiri
chattisgarh,churcha
chattisgarh,dantewara
chattisgarh,dhamtari
chattisgarh,dhanpuri
chattisgarh,dindori
chattisgarh,durg
chattisgarh,gevra
chattisgarh,hirmi
chattisgarh,jagdalpur
chattisgarh,jaminipali
chattisgarh,janjgir
chattisgarh,jashpurnagar
chattisgarh,kanker
chattisgarh,katghora
chattisgarh,kharsia
chattisgarh,kirandul
chattisgarh,kondagaon
chattisgarh,korba
chattisgarh,kotma
chattisgarh,kusumunda
chattisgarh,mahasamund
chattisgarh,manendragarh
chattisgarh,mungeli
chattisgarh,nawapara rajim
chattisgarh,pandri tarai
chattisgarh,pendra road
chattisgarh,raigarh
chattisgarh,raipur
chattisgarh,rajahara
chattisgarh,rajnandgaon
chattisgarh,sarguta
chattisgarh,sarkanda
chattisgarh,seepat
chattisgarh,surajpur
chattisgarh,tifra
chattisgarh,tilda neora
delhi,new delhi
goa,goa
goa,kudal
goa,panaji
gujarat,ahmedabad
gujarat,amargardh
gujarat,amreli
gujarat,anand
gujarat,anjar
gujarat,ankleshwar
gujarat,atul
gujarat,babra
gujarat,bagasara
gujarat,balasinor
gujarat,banaskantha
gujarat,bardoli
gujarat,baroda
gujarat,barwala
gujarat,bayad
gujarat,bhachau
gujarat,bhanvad
gujarat,bharuch
gujarat,bhatiya
gujarat,bhavnagar
gujarat,bhbhar
gujarat,bhestan.
gujarat,bhiloda
gujarat,bhuj
gujarat,bilimora
gujarat,bopal
gujarat,borsad
gujarat,botad
gujarat,cambay
gujarat,chanasama
gujarat,chikhali
gujarat,chota udepur
gujarat,chotila
gujarat,dabhoi
gujarat,dahod
gujarat,dakor
gujarat,daman
gujarat,dantiwada
gujarat,deesa
gujarat,dehgam
gujarat,deodar
gujarat,dhandhuka
gujarat,dhanera
gujarat,dharampur
gujarat,dhari
gujarat,dholka
gujarat,dhoraji
gujarat,dhrangadhra
gujarat,dhrangdhra
gujarat,dhrol
gujarat,dist bharuch
gujarat,dist rajkot
gujarat,dist. ananad
gujarat,dist.ahmedabad
gujarat,dist.kutch
gujarat,diu
gujarat,dwarka
gujarat,ena
gujarat,gadhda
gujarat,gandevi
gujarat,gandhi nagar
gujarat,gandhidham
gujarat,gandhinagar
gujarat,gariyadhar
gujarat,girdharnagar
gujarat,godhara
gujarat,godhra
gujarat,gondal
gujarat,halol
gujarat,halvad
gujarat,himatnagar
gujarat,himmatnagar
gujarat,idar
gujarat,jafarabad
gujarat,jambusar
gujarat,jamjodhpur
gujarat,jamnagar
gujarat,jasdan
gujarat,jetpur
gujarat,jhagadia
gujarat,jodiya
gujarat,junagadh
gujarat,kadi
gujarat,kadodara
gujarat,kalavad
gujarat,kalol
gujarat,kandla port
gujarat,kankaria
gujarat,kapadwanj
gujarat,kawant
gujarat,keshod
gujarat,khamba
gujarat,khambalia
gujarat,kheda
gujarat,khedbrahma
gujarat,kim
gujarat,kodinar
gujarat,kosamba
gujarat,kutiyana
gujarat,lalpur
gujarat,lathi
gujarat,liliya mota
gujarat,limdi
gujarat,limkheda
gujarat,madhapar
gujarat,mahuva
gujarat,malia hatina
gujarat,manavadar
gujarat,mandvi
gujarat,mangrol
gujarat,meghaninagar
gujarat,mehmedabad
gujarat,mehsana
gujarat,metoda
gujarat,modasa
gujarat,morbi
gujarat,mota varachha
gujarat,mundra
gujarat,nadiad
gujarat,nakhatrana
gujarat,naliya
gujarat,nanpura
gujarat,narmada
gujarat,navsari
gujarat,okha port
gujarat,olpad
gujarat,padra
gujarat,palanpur
gujarat,palanpur.
gujarat,palitana
gujarat,panchmahals
gujarat,parvat patia.
gujarat,patan
gujarat,petlad
gujarat,por
gujarat,porbandar
gujarat,prantij
gujarat,pravas patan
gujarat,radhanpur
gujarat,rajkot
gujarat,rajula
gujarat,ranavav
gujarat,sabarmati
gujarat,salbatpura
gujarat,sanand
gujarat,sankheda
gujarat,sardarnagar
gujarat,savarkundla
gujarat,savli
gujarat,shil
gujarat,sidhpur
gujarat,sihor
gujarat,sikka
gujarat,silvassa u t
gujarat,surat
gujarat,surendranagar
gujarat,tal-bhachau
gujarat,tal. danta
gujarat,tal. pardi
gujarat,tal. sanand
gujarat,tal. vadgam
gujarat,talaja
gujarat,talala (gir)
gujarat,talod
gujarat,tarapur
gujarat,tharad
gujarat,umreth
gujarat,una
gujarat,unjha
gujarat,upleta
gujarat,vadia
gujarat,vadodara
gujarat,valsad
gujarat,vanakvara
gujarat,vanthli
gujarat,vapi
gujarat,vasad
gujarat,veraval
gujarat,vijapur
gujarat,viramgam
gujarat,visavadar
gujarat,visnagar
gujarat,vyara
gujarat,wadhwan
gujarat,wankaner
haryana,ambala cantt.
haryana,ambala city
haryana,bahadurgarh
haryana,ballabgarh
haryana,bhiwani
haryana,chandimandir cantt.
haryana,ellenabad
haryana,faridabad
haryana,fatehabad
haryana,gurgaon
haryana,hansi
haryana,haryana
haryana,hissar
haryana,jagadhari
haryana,jind
haryana,karnal
haryana,kurukshetra
haryana,mandi dabwali
haryana,mohindergarh
haryana,naraingarh
haryana,nilokheri
haryana,palwal
haryana,panchkula
haryana,panipat
haryana,rewari
haryana,rohtak
haryana,shahbad markanda
haryana,shivaji nagar
haryana,sirsa
haryana,sonapet
haryana,sonepat
haryana,thanesar
haryana,tohana
haryana,yamuna nagar
himachal pradesh,dalhousie
himachal pradesh,dharamshala
himachal pradesh,hamirpur
himachal pradesh,kasumpti
himachal pradesh,kullu
himachal pradesh,manali
himachal pradesh,mandi
himachal pradesh,new shimla
himachal pradesh,palampur
himachal pradesh,paonta
himachal pradesh,parwanoo
himachal pradesh,rampur
himachal pradesh,sabathu
himachal pradesh,shimla
himachal pradesh,solan
jammu and kashmir,jammu
jammu and kashmir,katra
jammu and kashmir,leh
jammu and kashmir,rajauri
jammu and kashmir,srinagar
jammu and kashmir,udhampur
jharkhand,bokaro
jharkhand,chatra
jharkhand,deoghar
jharkhand,dhanbad
jharkhand,dumka
jharkhand,east singhbhum
jharkhand,giridih
jharkhand,gumla
jharkhand,hazaribagh
jharkhand,koderama
jharkhand,lohardaga
jharkhand,pakur
jharkhand,palamu
jharkhand,patna
jharkhand,ranchi
jharkhand,simdega
jharkhand,west singhbhum
karnataka,almatti dam site
karnataka,bagalkot
karnataka,bagalkot district
karnataka,bangalore
karnataka,bashettihalli
karnataka,belgaum
karnataka,bellary
karnataka,bidadi
karnataka,bidar
karnataka,bijapur
karnataka,chickmagalur
karnataka,chickmagalur dist
karnataka,chikodi
karnataka,dakshina kannada
karnataka,davangere
karnataka,dharwad
karnataka,dharwad dist
karnataka,dharwar
karnataka,dist. north canara
karnataka,doddaballapur
karnataka,gadag
karnataka,gadag dist
karnataka,gangavathi
karnataka,gulbarga
karnataka,haliyal
karnataka,harihar
karnataka,hassan
karnataka,haveri dist
karnataka,haveri district
karnataka,hirekerur
karnataka,honnavar
karnataka,hospet
karnataka,hubli
karnataka,jamkhandi
karnataka,karwar
karnataka,kodagu
karnataka,kolar
karnataka,lakshmeshwar
karnataka,mandya
karnataka,mangalore
karnataka,manipal
karnataka,mysore
karnataka,nanjangud
karnataka,nargund
karnataka,p.o kaiga
karnataka,puttur
karnataka,raichur
karnataka,ramanagaram
karnataka,sagara dist. shimoga
karnataka,shimoga
karnataka,sindagi
karnataka,sindhanur
karnataka,south kanara
karnataka,tiptur
karnataka,tumkur
karnataka,udipi
karnataka,udupi
karnataka,uttara kanara
karnataka,uttara kannada
karnataka,uttara kannada dist
kerala,adoor
kerala,agali
kerala,alapuzha
kerala,alwaye
kerala,chalakkudy
kerala,changanacherry
kerala,chengannur
kerala,cherthala
kerala,ernakulam
kerala,guruvayur
kerala,irinjalakuda
kerala,kalamassery
kerala,kalpetta
kerala,kanhangad
kerala,kannur
kerala,kasargod
kerala,kattappana
kerala,kayamkulam
kerala,kochi
kerala,kollam
kerala,kothamangalam
kerala,kottayam
kerala,kozhencherry
kerala,kozhikkode
kerala,kunnamkulam
kerala,kuthuparamba
kerala,mahe
kerala,manjeri
kerala,mavelikara
kerala,muvattupuzha
kerala,palai
kerala,palakkad
kerala,parappanangadi
kerala,pathanamthitta
kerala,quilandy
kerala,ramapuram
kerala,shoranur
kerala,taliparamba
kerala,tellicherry
kerala,thiruvalla
kerala,thiruvananthapuram
kerala,thodupuzha
kerala,tirur
kerala,trichur
kerala,trissur
kerala,trivandrum (thiruvananthapuram)
kerala,vadanapally
kerala,vallapuzha
kerala,varkala
kerala,venmony
madhya pradesh,ratlam
madhya pradesh,pithampur
madhya pradesh,pipariya
madhya pradesh,pathakhera
madhya pradesh,parasia
madhya pradesh,panna
madhya pradesh,pandhurna
madhya pradesh,pali birsinghpur
madhya pradesh,pachmarhi
madhya pradesh,orchha
madhya pradesh,nowrozabad
madhya pradesh,nowgong
madhya pradesh,niwari
madhya pradesh,nainpur
madhya pradesh,nagda
madhya pradesh,morwa
madhya pradesh,morena
madhya pradesh,mandsaur
madhya pradesh,mandla
madhya pradesh,mandeep
madhya pradesh,malajkhand
madhya pradesh,maihar
madhya pradesh,kymore
madhya pradesh,kotma
madhya pradesh,khurai
madhya pradesh,khargone
madhya pradesh,khandwa
madhya pradesh,khajuraho
madhya pradesh,katni
madhya pradesh,kareli
madhya pradesh,junnardeo
madhya pradesh,jhabua
madhya pradesh,jayant
madhya pradesh,jamuna colliery
madhya pradesh,jabalpur
madhya pradesh,itarsi
madhya pradesh,indore
madhya pradesh,hoshangabad
madhya pradesh,hatta
madhya pradesh,harda
madhya pradesh,gwalior
madhya pradesh,guna
madhya pradesh,gadarwara
madhya pradesh,dhar
madhya pradesh,dewas
madhya pradesh,damua
madhya pradesh,datia
madhya pradesh,damoh
madhya pradesh,chourai
madhya pradesh,chhindwara
madhya pradesh,chhatarpur
madhya pradesh,burhanpur
madhya pradesh,budhar
madhya pradesh,bina
madhya pradesh,bijuri
madhya pradesh,bhopal
madhya pradesh,bhilai
madhya pradesh,betul
madhya pradesh,beohari
madhya pradesh,ashta
madhya pradesh,balaghat
madhya pradesh,anuppur
madhya pradesh,amlai
madhya pradesh,amla
madhya pradesh,rewa
madhya pradesh,sabalgarh
madhya pradesh,sarni
madhya pradesh,satna
madhya pradesh,saugor
madhya pradesh,sausar
madhya pradesh,sehore
madhya pradesh,seoni
madhya pradesh,seoni malwa
madhya pradesh,shahdol
madhya pradesh,shahpura
madhya pradesh,shivpuri
madhya pradesh,sidhi
madhya pradesh,sihora
madhya pradesh,tekanpur
madhya pradesh,tikamgarh
madhya pradesh,ujjain
madhya pradesh,vidisha
madhya pradesh,vijaypur
madhya pradesh,vikramnagar
madhya pradesh,vindhyanagar
maharashtra,koregaon
maharashtra,kolhapur
maharashtra,khed
maharashtra,khamgaon
maharashtra,kankavali
maharashtra,jalgaon
maharashtra,igatpuri
maharashtra,hinganghat
maharashtra,gondia
maharashtra,gadchiroli
maharashtra,dondaicha
maharashtra,gadchandur
maharashtra,dhule
maharashtra,devrukh
maharashtra,deolali
maharashtra,darwha
maharashtra,dapoli
maharashtra,chiplun
maharashtra,chikhali
maharashtra,chandrapur
maharashtra,buldhana
maharashtra,chalisgaon
maharashtra,bhusaval
maharashtra,bhadravati
maharashtra,bhandara
maharashtra,beed
maharashtra,baramati
maharashtra,bassein
maharashtra,ballarpur
maharashtra,awalpur
maharashtra,aurangabad
maharashtra,amravati
maharashtra,ambernath
maharashtra,ambajogai
maharashtra,amalner
maharashtra,akot
maharashtra,akola
maharashtra,akluj
maharashtra,akkalkot
maharashtra,ahmednagar
maharashtra,achalpur (paratwada)
maharashtra,kurduwadi
maharashtra,latur
maharashtra,lonavala
maharashtra,loni
maharashtra,mahabaleshwar
maharashtra,malegaon
maharashtra,malkapur
maharashtra,malvan
maharashtra,manmad
maharashtra,miraj
maharashtra,morshi
maharashtra,mumbai
maharashtra,nagpur
maharashtra,nanded
maharashtra,nandurbar
maharashtra,nasik
maharashtra,navapur
maharashtra,navi mumbai
maharashtra,ojhar
maharashtra,oras (budrug)
maharashtra,osmanabad
maharashtra,pachora
maharashtra,pandharpur
maharashtra,parabhani
maharashtra,parali vaijnath
maharashtra,pen
maharashtra,phaltan
maharashtra,pulgaon
maharashtra,pune
maharashtra,pusad
maharashtra,raigad
maharashtra,ratnagiri
maharashtra,sangli
maharashtra,sangola
maharashtra,saoner
maharashtra,satara
maharashtra,sawantwadi
maharashtra,shahada
maharashtra,shegaon
maharashtra,shirdi
maharashtra,sholapur
maharashtra,shrirampur
maharashtra,sinnar
maharashtra,solapur
maharashtra,thane
maharashtra,vaduj (khatav)
maharashtra,varangaon
maharashtra,wai
maharashtra,wardha
maharashtra,warora
maharashtra,warud
maharashtra,washim
maharashtra,yaval
maharashtra,yavatmal
manipur,imphal
meghalaya,east khasi hills
meghalaya,laitumkhrah
meghalaya,ri bhoi
meghalaya,shillong
meghalaya,west garo hills
mizoram,aizawl
mizoram,aizwal
nagaland,dimapur
nagaland,kohima
orissa,anandpur
orissa,angul
orissa,angul.
orissa,atabira
orissa,athgarh
orissa,badmal
orissa,balasore
orissa,balichandrapur
orissa,baliguda
orissa,balugaon
orissa,bandhabahal
orissa,barbil.
orissa,bargarh
orissa,baripada.
orissa,barpali
orissa,belpahar
orissa,berhampur
orissa,berhampur.
orissa,bhadrak
orissa,bhawanipatna
orissa,bhubaneswar
orissa,bolangir
orissa,boudh
orissa,brajrajnagar.
orissa,burla.
orissa,chandikhol.
orissa,chandipur.
orissa,charbatia
orissa,chatrapur.
orissa,chilka.
orissa,chowdwar.
orissa,cuttack
orissa,damanjodi.
orissa,deogarh
orissa,dhenkanal
orissa,duburi.
orissa,dungripali
orissa,ganjam
orissa,golabandha.
orissa,gunupur
orissa,hirakud.
orissa,jagatsingpur
orissa,jajpur road.
orissa,jajpur town.
orissa,jaleswar
orissa,jatni.
orissa,jeypore.
orissa,jharsuguda.
orissa,joda.
orissa,junagarh
orissa,jyotivihar
orissa,kalahandi
orissa,kalarangiatta.
orissa,kantabanji
orissa,karanjia
orissa,kendrapara.
orissa,keonjhar.
orissa,khariar.
orissa,khurda
orissa,koraput
orissa,loisingha
orissa,malkangiri
orissa,matikhalo
orissa,nawapara
orissa,nawarangpur
orissa,nayagarh
orissa,ntpc talcher.
orissa,orkel
orissa,padampur
orissa,paradeep.
orissa,parlakhemundi
orissa,patnagarh
orissa,phulbani.
orissa,puri
orissa,rairangpur.
orissa,rajgangpur
orissa,rayagada
orissa,rourkela
orissa,salepur.
orissa,sambalpur
orissa,sohela
orissa,sonepur
orissa,sunabeda
orissa,sunabeda.
orissa,sundergarh
orissa,talcher
orissa,titlagarh
pondicherry,pondicherry
punjab,abohar
punjab,adampur
punjab,ajnala
punjab,amritsar
punjab,amritsar cantt.
punjab,banga
punjab,batala
punjab,bathinda
punjab,bathinda cantt.
punjab,dasuya
punjab,faridkot
punjab,ferozepur cantt.
punjab,gurdaspur
punjab,hoshiarpur
punjab,jalandhar
punjab,jalandhar cantt.
punjab,jaswant nagar
punjab,kapurthala
punjab,ludhiana
punjab,malerkotla
punjab,mansa
punjab,mattaur
punjab,model town
punjab,moga
punjab,morinda
punjab,mukerian
punjab,muktsar
punjab,mundian kalan
punjab,nabha
punjab,nawanshahr
punjab,naya nangal
punjab,nurmahal
punjab,pathankot
punjab,patiala
punjab,phillaur
punjab,phullanwan
punjab,rajpura
punjab,ropar
punjab,sangrur
punjab,sas nagar  mohali
punjab,talwara township
punjab,taran taran
rajasthan,abu road
rajasthan,ajmer
rajasthan,alwar
rajasthan,andheri deori
rajasthan,banswara
rajasthan,barmer
rajasthan,bharatpur
rajasthan,bhilwara
rajasthan,bikaner
rajasthan,chittorgarh
rajasthan,churu
rajasthan,deeg
rajasthan,dholpur
rajasthan,etah
rajasthan,firozabad
rajasthan,gadepan
rajasthan,hanumangarh
rajasthan,itarana
rajasthan,jaipur
rajasthan,jaisalmer
rajasthan,jhunjhunu
rajasthan,jodhpur
rajasthan,kota
rajasthan,mount abu
rajasthan,nagaur
rajasthan,nasirabad
rajasthan,new delhi
rajasthan,rajgarh
rajasthan,sikar
rajasthan,sirohi
rajasthan,sriganga nagar
rajasthan,sujangarh
rajasthan,suratgarh
rajasthan,udaipur
sikkim,gangtok
sikkim,tadong
tamil nadu,adambakkam
tamil nadu,agastheeswaram
tamil nadu,alandur
tamil nadu,ambasamudram
tamil nadu,ambattur
tamil nadu,ambattur tk
tamil nadu,andipatti
tamil nadu,arantangi
tamil nadu,arcot
tamil nadu,arkonam
tamil nadu,arni
tamil nadu,aruppukottai
tamil nadu,attur
tamil nadu,avadi
tamil nadu,avanashi
tamil nadu,ayanavaram
tamil nadu,bhavani
tamil nadu,bodinayakanur
tamil nadu,chengam
tamil nadu,chennai
tamil nadu,chettikulam
tamil nadu,cheyyar
tamil nadu,chidambaram
tamil nadu,chingleput
tamil nadu,coimbatore
tamil nadu,coonoor
tamil nadu,cuddalore
tamil nadu,dadagapatti
tamil nadu,dharapuram
tamil nadu,dharmapuri
tamil nadu,dindigul
tamil nadu,erode
tamil nadu,gingee
tamil nadu,gobichettipalay
tamil nadu,gudalur
tamil nadu,gudiyattam
tamil nadu,hosur
tamil nadu,jolarpet
tamil nadu,kailasapuram
tamil nadu,kallakurichi
tamil nadu,kalpakkam
tamil nadu,kancheepuram
tamil nadu,kangayam
tamil nadu,kanyakumari
tamil nadu,karaikal
tamil nadu,karaikudi
tamil nadu,karungal
tamil nadu,karur
tamil nadu,kilakkarai
tamil nadu,kodaikanal
tamil nadu,kotagiri
tamil nadu,kovilpatti
tamil nadu,krishnagiri
tamil nadu,kumbakonam
tamil nadu,madurai
tamil nadu,mamallapuram
tamil nadu,manali
tamil nadu,manamadurai
tamil nadu,mannargudi
tamil nadu,mayiladuthurai
tamil nadu,melmaruvathur
tamil nadu,melur
tamil nadu,mettupalayam
tamil nadu,mettur
tamil nadu,mogappair west
tamil nadu,mookandapalli h
tamil nadu,nagapattinam
tamil nadu,namakkal
tamil nadu,nellikuppam
tamil nadu,neyveli
tamil nadu,nilakottai
tamil nadu,oddanchatram
tamil nadu,omalur
tamil nadu,palacode
tamil nadu,palani
tamil nadu,palayamkottai
tamil nadu,palladam
tamil nadu,paramagudi
tamil nadu,pattukottai
tamil nadu,peelamedu  coimbatore
tamil nadu,perambalur
tamil nadu,periyakulam
tamil nadu,podanur
tamil nadu,poigai
tamil nadu,pollachi
tamil nadu,polur
tamil nadu,pondicherry
tamil nadu,ponnamaravathi
tamil nadu,ponneri
tamil nadu,pudukottai
tamil nadu,rajapalayam
tamil nadu,ramanathapuram
tamil nadu,rameswaram
tamil nadu,rasipuram
tamil nadu,salem
tamil nadu,sankarankoil
tamil nadu,sankari
tamil nadu,sattur
tamil nadu,selaiyur
tamil nadu,sholinghur
tamil nadu,sholingur
tamil nadu,sirkali
tamil nadu,sivaganga
tamil nadu,sivakasi
tamil nadu,sriperumpudur
tamil nadu,srirangam
tamil nadu,srivilliputtur
tamil nadu,tambaram
tamil nadu,tenkasi
tamil nadu,thanjavur
tamil nadu,theni
tamil nadu,tindivanam
tamil nadu,tiruchendur
tamil nadu,tiruchengodu
tamil nadu,tiruchirapalli
tamil nadu,tirukalikundram
tamil nadu,tirukkalikundra
tamil nadu,tirumangalam
tamil nadu,tirunelveli
tamil nadu,tirupattur
tamil nadu,tirupattur (n a
tamil nadu,tirupur
tamil nadu,tiruttani
tamil nadu,tiruvallur
tamil nadu,tiruvannamalai
tamil nadu,tiruvarur
tamil nadu,tiruvottiur
tamil nadu,trichy
tamil nadu,tuticorin
tamil nadu,udamalpet
tamil nadu,udhagamandalam
tamil nadu,uthamapalayam
tamil nadu,vadavalli
tamil nadu,vadiveeswaram
tamil nadu,vaniyambadi
tamil nadu,velachery
tamil nadu,velankanni
tamil nadu,vellore
tamil nadu,vilathikulam
tamil nadu,vilavancode
tamil nadu,villupuram
tamil nadu,virudhunagar
tamil nadu,vridhachalam
tamil nadu,walajapet
tripura,agartala
tripura,north tripura
tripura,south tripura
tripura,west  tripura
uttar pradesh,agar
uttar pradesh,agra
uttar pradesh,akbarpur
uttar pradesh,aligarh
uttar pradesh,allahabad
uttar pradesh,amethi
uttar pradesh,amroha
uttar pradesh,anpara
uttar pradesh,aonla
uttar pradesh,auraiya
uttar pradesh,ayodhya
uttar pradesh,azamgarh
uttar pradesh,babhnan
uttar pradesh,bahraich
uttar pradesh,ballia
uttar pradesh,balrampur
uttar pradesh,banda
uttar pradesh,bansi
uttar pradesh,barabanki
uttar pradesh,bareilly
uttar pradesh,basti
uttar pradesh,bharthana
uttar pradesh,bijnor
uttar pradesh,bijpur
uttar pradesh,bilaspur
uttar pradesh,bisauli
uttar pradesh,budaun
uttar pradesh,bulandshahr
uttar pradesh,deoria
uttar pradesh,dhampur
uttar pradesh,dhanaura
uttar pradesh,dumariyaganj
uttar pradesh,etawah
uttar pradesh,faizabad
uttar pradesh,farrukhabad
uttar pradesh,fatehgarh
uttar pradesh,fatehpur
uttar pradesh,ghaziabad
uttar pradesh,ghazipur
uttar pradesh,gonda
uttar pradesh,gorakhpur
uttar pradesh,hapur
uttar pradesh,hardoi
uttar pradesh,harraiya
uttar pradesh,hathras
uttar pradesh,jagdishpur
uttar pradesh,jaunpur
uttar pradesh,jhansi
uttar pradesh,kannauj
uttar pradesh,kanpur
uttar pradesh,karwi
uttar pradesh,kaushambi
uttar pradesh,khalilabad
uttar pradesh,khatauli
uttar pradesh,korwa
uttar pradesh,kushinagar
uttar pradesh,lakhimpur
uttar pradesh,lalganj
uttar pradesh,lalitpur
uttar pradesh,lucknow
uttar pradesh,maharajganj
uttar pradesh,mankapur
uttar pradesh,mathura
uttar pradesh,maunathbhanjan
uttar pradesh,meerut
uttar pradesh,meerut cantt
uttar pradesh,mirzapur
uttar pradesh,modinagar
uttar pradesh,moradabad
uttar pradesh,moradabad  u.p.
uttar pradesh,mughalsarai
uttar pradesh,musafirkhana
uttar pradesh,muzaffar nagar
uttar pradesh,najibabad
uttar pradesh,narora
uttar pradesh,naugarh
uttar pradesh,nawabganj  gonda
uttar pradesh,new delhi
uttar pradesh,noida
uttar pradesh,obra
uttar pradesh,oocha amirpur
uttar pradesh,orai
uttar pradesh,padrauna
uttar pradesh,pallaupuram
uttar pradesh,pata
uttar pradesh,pharenda
uttar pradesh,pilibhit
uttar pradesh,pratapgarh
uttar pradesh,raebareli
uttar pradesh,rampur
uttar pradesh,rasra
uttar pradesh,rath
uttar pradesh,renukoot
uttar pradesh,robertsganj
uttar pradesh,safipur
uttar pradesh,saharanpur
uttar pradesh,saharantur
uttar pradesh,sandila
uttar pradesh,shajahanpur
uttar pradesh,shaktinagar
uttar pradesh,shamli
uttar pradesh,sigra
uttar pradesh,sikohabad
uttar pradesh,sitapur
uttar pradesh,sultanpur
uttar pradesh,tanda
uttar pradesh,tulsipur
uttar pradesh,tundla
uttar pradesh,ujhani
uttar pradesh,unchahar
uttar pradesh,unnao
uttar pradesh,varanasi
uttar pradesh,vasundra
uttaranchal,badrinath
uttaranchal,dehradun
uttaranchal,dheardun
uttaranchal,gopeshwar
uttaranchal,haridawar
uttaranchal,haridwar
uttaranchal,kalagarh
uttaranchal,kotdwara
uttaranchal,mussoorie
uttaranchal,new delhi
uttaranchal,pauri garhwal
uttaranchal,rishikesh
uttaranchal,roorkee
uttaranchal,sri nagar
uttaranchal,tehri
uttaranchal,uttarkashi
west bengal,alipurduars
west bengal,asansol
west bengal,ashokenagar
west bengal,balurghat
west bengal,bankura
west bengal,barrackpore
west bengal,basirhat
west bengal,berhampore
west bengal,bethuadahari
west bengal,bishnupur
west bengal,bolpur
west bengal,burdwan
west bengal,chakdah
west bengal,contai
west bengal,coochbehar
west bengal,darjeeling
west bengal,diamond harbour
west bengal,digha
west bengal,dinhata
west bengal,dum dum
west bengal,durgapur
west bengal,farakka
west bengal,fulia
west bengal,garulia
west bengal,haldia
west bengal,hooghly
west bengal,howrah
west bengal,ichapur
west bengal,jalpaiguri
west bengal,jhargram
west bengal,kalimpong
west bengal,kalna
west bengal,kalyani
west bengal,kanchrapara
west bengal,kharagpur
west bengal,khardah
west bengal,kolkata
west bengal,konnagar
west bengal,krishnagar
west bengal,kurseong
west bengal,lalbagh
west bengal,madhyagram
west bengal,malda
west bengal,mechada
west bengal,midnapore
west bengal,mirik
west bengal,murshidabad
west bengal,nabadwip
west bengal,naihati
west bengal,new barrackpore
west bengal,purulia
west bengal,raiganj
west bengal,rajibpur
west bengal,rajpur
west bengal,rampurhat
west bengal,ranaghat
west bengal,raniganj
west bengal,salar
west bengal,sanctoria
west bengal,santiniketan
west bengal,santipur
west bengal,siliguri
west bengal,sodepur
west bengal,suri
west bengal,taki
west bengal,tamluk
